201908040305,オッズ取得APIでエラー
201806050803,オッズ取得APIでエラー
201804020812,オッズ取得APIでエラー
201805020807,オッズ取得APIでエラー
201808030406,レース結果取得処理でエラー
201805010602,オッズ取得APIでエラー
201805010612,オッズ取得APIでエラー
201805010512,オッズ取得APIでエラー
201808020612,オッズ取得APIでエラー
201808020512,オッズ取得APIでエラー
201810010112,オッズ取得APIでエラー
201805010107,レース結果取得処理でエラー
201709050706,レース結果取得処理でエラー
201407030509,オッズ追加処理でエラー
201405030410,オッズ追加処理でエラー
201406010701,馬柱取得処理でエラー
201406010703,馬柱取得処理でエラー
201406010704,馬柱取得処理でエラー
201406010705,馬柱取得処理でエラー
201406010706,馬柱取得処理でエラー
201406010707,馬柱取得処理でエラー
201406010708,馬柱取得処理でエラー
201406010712,馬柱取得処理でエラー
201408010701,馬柱取得処理でエラー
201408010702,馬柱取得処理でエラー
201408010703,馬柱取得処理でエラー
201408010704,馬柱取得処理でエラー
201408010705,馬柱取得処理でエラー
201408010706,馬柱取得処理でエラー
201408010707,馬柱取得処理でエラー
201408010708,馬柱取得処理でエラー
201408010712,馬柱取得処理でエラー
201407010201,馬柱取得処理でエラー
201407010202,馬柱取得処理でエラー
201407010203,馬柱取得処理でエラー
201407010204,馬柱取得処理でエラー
201407010205,馬柱取得処理でエラー
201407010206,馬柱取得処理でエラー
201407010207,馬柱取得処理でエラー
201407010208,馬柱取得処理でエラー
201407010209,馬柱取得処理でエラー
201307040508,オッズ追加処理でエラー
201304020810,オッズ追加処理でエラー
201307030306,オッズ追加処理でエラー
201305020910,オッズ追加処理でエラー
201210010111,オッズ追加処理でエラー
201104050608,オッズ追加処理でエラー
201010030611,オッズ追加処理でエラー
201005050810,レース結果取得処理でエラー
201008060611,レース結果取得処理でエラー
201009040210,レース結果取得処理でエラー
200908050611,レース結果取得処理でエラー
200804030107,オッズ追加処理でエラー
200804020109,オッズ追加処理でエラー
200804020110,オッズ追加処理でエラー
200805020401,オッズ取得APIでエラー
200805020402,オッズ取得APIでエラー
200805020403,オッズ取得APIでエラー
200805020404,オッズ取得APIでエラー
200805020405,オッズ取得APIでエラー
200805020406,オッズ取得APIでエラー
200805020407,オッズ取得APIでエラー
200805020408,オッズ取得APIでエラー
200805020409,オッズ取得APIでエラー
200805020410,オッズ取得APIでエラー
200805020411,オッズ取得APIでエラー
200805020412,オッズ取得APIでエラー
200808030401,オッズ取得APIでエラー
200808030402,オッズ取得APIでエラー
200808030403,オッズ取得APIでエラー
200808030404,オッズ取得APIでエラー
200808030405,オッズ取得APIでエラー
200808030406,オッズ取得APIでエラー
200808030407,オッズ取得APIでエラー
200808030408,オッズ取得APIでエラー
200808030409,オッズ取得APIでエラー
200808030410,オッズ取得APIでエラー
200808030411,オッズ取得APIでエラー
200808030412,オッズ取得APIでエラー
200804010201,オッズ取得APIでエラー
200804010202,オッズ取得APIでエラー
200804010203,オッズ取得APIでエラー
200804010204,オッズ取得APIでエラー
200804010205,オッズ取得APIでエラー
200804010206,オッズ取得APIでエラー
200804010207,オッズ取得APIでエラー
200804010208,オッズ取得APIでエラー
200804010209,オッズ取得APIでエラー
200804010210,オッズ取得APIでエラー
200804010211,オッズ取得APIでエラー
200804010212,オッズ取得APIでエラー
200805020301,オッズ取得APIでエラー
200805020302,オッズ取得APIでエラー
200805020303,オッズ取得APIでエラー
200805020304,オッズ取得APIでエラー
200805020305,オッズ取得APIでエラー
200805020306,オッズ取得APIでエラー
200805020307,オッズ取得APIでエラー
200805020308,オッズ取得APIでエラー
200805020309,オッズ取得APIでエラー
200805020310,オッズ取得APIでエラー
200805020311,オッズ取得APIでエラー
200805020312,オッズ取得APIでエラー
200808030301,オッズ取得APIでエラー
200808030302,オッズ取得APIでエラー
200808030303,オッズ取得APIでエラー
200808030304,オッズ取得APIでエラー
200808030305,オッズ取得APIでエラー
200808030306,オッズ取得APIでエラー
200808030307,オッズ取得APIでエラー
200808030308,オッズ取得APIでエラー
200808030309,オッズ取得APIでエラー
200808030310,オッズ取得APIでエラー
200808030311,オッズ取得APIでエラー
200808030312,オッズ取得APIでエラー
200804010101,オッズ取得APIでエラー
200804010102,オッズ取得APIでエラー
200804010103,オッズ取得APIでエラー
200804010104,オッズ取得APIでエラー
200804010105,オッズ取得APIでエラー
200804010106,オッズ取得APIでエラー
200804010107,オッズ取得APIでエラー
200804010108,オッズ取得APIでエラー
200804010109,オッズ取得APIでエラー
200804010110,オッズ取得APIでエラー
200804010111,オッズ取得APIでエラー
200804010112,オッズ取得APIでエラー
200808020301,オッズ追加処理でエラー
200808020301,オッズ追加処理でエラー
200808020301,オッズ追加処理でエラー
200808020301,オッズ追加処理でエラー
200808020301,オッズ追加処理でエラー
200808020301,オッズ追加処理でエラー
200808020301,オッズ追加処理でエラー
200808020301,オッズ追加処理でエラー
200808020301,オッズ追加処理でエラー
200808020301,オッズ追加処理でエラー
200808020301,オッズ追加処理でエラー
200808020301,オッズ追加処理でエラー
200808020301,オッズ追加処理でエラー
200808020301,オッズ追加処理でエラー
200808020302,オッズ追加処理でエラー
200808020302,オッズ追加処理でエラー
200808020302,オッズ追加処理でエラー
200808020302,オッズ追加処理でエラー
200808020302,オッズ追加処理でエラー
200808020302,オッズ追加処理でエラー
200808020302,オッズ追加処理でエラー
200808020302,オッズ追加処理でエラー
200808020302,オッズ追加処理でエラー
200808020302,オッズ追加処理でエラー
200808020302,オッズ追加処理でエラー
200808020302,オッズ追加処理でエラー
200808020302,オッズ追加処理でエラー
200808020302,オッズ追加処理でエラー
200808020201,オッズ取得APIでエラー
200808020203,オッズ取得APIでエラー
200808020207,オッズ取得APIでエラー
200808020211,オッズ取得APIでエラー
200808020212,オッズ取得APIでエラー
200808020101,オッズ取得APIでエラー
200808020102,オッズ取得APIでエラー
200808020106,オッズ取得APIでエラー
200808020108,オッズ取得APIでエラー
200808020110,オッズ取得APIでエラー
200808020111,オッズ取得APIでエラー
200808020112,オッズ取得APIでエラー
200808010809,オッズ取得APIでエラー
200808010810,オッズ取得APIでエラー
200808010811,オッズ取得APIでエラー
200808010812,オッズ取得APIでエラー
200806010301,オッズ取得APIでエラー
200806010302,オッズ取得APIでエラー
200806010305,オッズ取得APIでエラー
200806010308,オッズ取得APIでエラー
200806010201,オッズ取得APIでエラー
200806010202,オッズ取得APIでエラー
200806010205,オッズ取得APIでエラー
200806010207,オッズ取得APIでエラー
200806010209,オッズ取得APIでエラー
200806010210,オッズ取得APIでエラー
200806010211,オッズ取得APIでエラー
200806010212,オッズ取得APIでエラー
200806010101,オッズ取得APIでエラー
200806010102,オッズ取得APIでエラー
200806010103,オッズ取得APIでエラー
200806010104,オッズ取得APIでエラー
200806010105,オッズ取得APIでエラー
200806010106,オッズ取得APIでエラー
200806010107,オッズ取得APIでエラー
200806010108,オッズ取得APIでエラー
200806010109,オッズ取得APIでエラー
200806010110,オッズ取得APIでエラー
200806010111,オッズ取得APIでエラー
200806010112,オッズ取得APIでエラー
200708040811,オッズ追加処理でエラー
200709040608,レース結果取得処理でエラー
200706040503,レース結果取得処理でエラー
200709040306,レース結果取得処理でエラー
200710030704,レース結果取得処理でエラー
200710030607,レース結果取得処理でエラー
200704030503,レース結果取得処理でエラー
200710030207,レース結果取得処理でエラー
